,unexp_mutations
TCGA-EE-A2GL,M_NRAS_Q61K
TCGA-W3-AA1R,M_CSMD3_G1941E
TCGA-FG-5963,M_MYH2_A387V
TCGA-D1-A17N,M_KMT2C_G3665A
TCGA-AA-3949,M_BRAF_V600E
TCGA-AA-3949,M_TRIM23_N92I
TCGA-AA-3949,M_KMT2C_G3665A
TCGA-WE-A8ZQ,M_CSMD3_P258S
TCGA-27-2519,M_GRM5_R128C
TCGA-EE-A17X,M_EGFR_E114K
TCGA-EE-A17X,M_MYH2_E347K
TCGA-YG-AA3O,M_GRXCR1_R14Q
TCGA-BG-A0M4,M_MFAP5_R153C
TCGA-BG-A0M4,M_ABCB1_R41H
TCGA-AA-3811,M_FAT1_R881H
TCGA-AA-3811,M_MYH2_R709H
TCGA-EE-A2MF,M_SULT1C4_R85Q
TCGA-44-2655,M_KRAS_G12D
TCGA-AA-A02O,M_PIK3CA_E545K
TCGA-AA-A02O,M_KRAS_G12D
TCGA-AA-A02O,M_KMT2C_G3665A
TCGA-BF-A1PX,M_BRAF_V600E
TCGA-F4-6463,M_MAGI2_D843N
TCGA-A5-A0GQ,M_MYCN_P44L
TCGA-VS-A8QA,M_PIK3CA_E726K
TCGA-VS-A8QA,M_PIK3CA_E453K
TCGA-VS-A8QA,M_ERBB2_S310Y
TCGA-G8-6324,M_ABCB1_R489C
TCGA-FB-AAQ3,M_KRAS_G12D
TCGA-B5-A3FD,M_PIK3CA_V344G
TCGA-B5-A0K2,M_PIK3CA_R93W
TCGA-B5-A0K2,M_TAF1_R843W
TCGA-B5-A0K2,M_KMT2C_G3665A
TCGA-FR-A3YO,M_FGFR2_R210Q
TCGA-BC-A110,M_ABCB1_R41H
TCGA-EE-A2MH,M_BRAF_V600E
TCGA-WE-A8ZX,M_MYH2_M858I
TCGA-DI-A0WH,M_FGFR2_S252W
TCGA-D3-A2JK,M_BRAF_V600E
TCGA-D3-A2JK,M_APC_G1767C
TCGA-BF-A1PV,M_KCNQ5_R909Q
TCGA-AJ-A8CT,M_PIK3CA_H1047R
TCGA-AJ-A8CT,M_PTEN_R130Q
TCGA-AA-3818,M_PIK3CA_E545K
TCGA-FN-7833,M_IDH1_R132H
TCGA-FN-7833,M_TP53_R280K
TCGA-EE-A2GE,M_MYH2_E1421K
TCGA-F5-6810,M_MYF5_R93Q
TCGA-A7-A6VY,M_CASP8_R248W
TCGA-A5-A2K3,M_EP300_A1629V
TCGA-A5-A2K3,M_PIK3CA_C604R
TCGA-D1-A167,M_TAF1_R843W
TCGA-D1-A167,M_WT1_R462L
TCGA-AA-3864,M_PIK3CA_R88Q
TCGA-AA-3864,M_DCLK1_R45C
TCGA-A5-A0GX,M_PIK3CA_E542K
TCGA-EO-A3B0,M_MS4A8_S3L
TCGA-EO-A3B0,M_MYH2_E1421K
TCGA-D1-A160,M_KRAS_G12D
TCGA-AA-3947,M_BRAF_V600E
TCGA-AB-2898,M_IDH2_R172K
TCGA-D3-A2JL,M_ATRX_L14F
TCGA-EC-A1NJ,M_PIK3CA_Q546R
TCGA-XF-A9SU,M_KRAS_G12D
TCGA-AP-A05J,M_FBXW7_R505C
TCGA-Z2-AA3V,M_BRAF_V600E
TCGA-TM-A84H,M_IDH1_R132H
TCGA-OR-A5LC,M_CSMD3_P184S
TCGA-G4-6320,M_KRAS_G12D
TCGA-G4-6320,M_KRAS_G13D
TCGA-X7-A8DB,M_GNAS_A109T
TCGA-BS-A0TG,M_PIK3CA_E545K
TCGA-BS-A0TG,M_KRAS_G13C
TCGA-DD-AAEK,M_CTNNB1_S37A
TCGA-CM-4747,M_KRAS_G12C
TCGA-CM-4747,M_PIK3CA_E542A
TCGA-MP-A4TI,M_ALK_G452W
TCGA-EL-A3ZQ,M_BRAF_V600E
TCGA-AA-A01C,M_PIK3CA_E545K
TCGA-A5-A1OJ,M_PIK3CA_E545K
TCGA-BR-8081,M_PIK3CA_H1047Y
TCGA-BF-A3DM,M_MS4A8_S3L
TCGA-BF-A3DM,M_KRT15_E455K
TCGA-ER-A199,M_ABCB1_S696F
TCGA-ER-A199,M_MYH2_P228L
TCGA-E9-A1NF,M_PIK3R1_L56V
TCGA-E9-A1NF,M_TP53_F113C
TCGA-AX-A2HJ,M_PIK3CA_E545A
TCGA-KU-A66S,M_CSMD3_R3127Q
TCGA-B5-A0JY,M_DCLK1_R60C
TCGA-B5-A0JY,M_MYF5_E104K
TCGA-B5-A0JY,M_ATM_S2812Y
TCGA-B5-A0JY,M_KMT2C_F357L
TCGA-B5-A0JY,M_APC_S1400L
TCGA-B5-A0JY,M_MAGI2_L450M
TCGA-TM-A84O,M_IDH1_R132H
TCGA-ND-A4W6,M_PIK3CA_C604R
TCGA-24-1474,M_MYH2_R1388H
TCGA-EB-A41B,M_CSMD3_R100Q
TCGA-EB-A41B,M_OR5I1_S95F
TCGA-FR-A728,M_BRAF_V600E
TCGA-F4-6856,M_PIK3CA_R38C
TCGA-D3-A51J,M_GRXCR1_R147C
TCGA-S9-A7QX,M_IDH1_R132H
TCGA-D3-A5GU,M_CSMD3_E531K
TCGA-97-A4M3,M_ATM_R337C
TCGA-66-2734,M_TP53_R249S
TCGA-66-2734,M_PTPN11_G503V
TCGA-AX-A2HD,M_PIK3CA_R93Q
TCGA-AX-A2HD,M_KCNQ5_R426C
TCGA-D1-A0ZU,M_PIK3CA_E542K
TCGA-B7-A5TI,M_PTEN_R130Q
TCGA-B7-A5TI,M_TP53_P152L
TCGA-B7-A5TI,M_NOTCH1_A465T
TCGA-DK-A6AW,M_MBOAT2_R43Q
TCGA-DK-A6AW,M_ABCB1_R404Q
TCGA-DK-A6AW,M_FBXW7_R14Q
TCGA-DK-A6AW,M_KMT2C_F357L
TCGA-DK-A6AW,M_CSMD3_R2231Q
TCGA-DK-A6AW,M_CSMD3_L2370I
TCGA-D1-A17R,M_KMT2C_A135T
TCGA-DU-A6S6,M_KRT15_V205I
TCGA-BG-A0VZ,M_PIK3CA_K111N
TCGA-DU-A76R,M_MYH2_R1181C
TCGA-BT-A3PH,M_TP53_E271K
TCGA-BT-A3PH,M_DKK2_R230H
TCGA-CM-5341,M_TP53_R248Q
TCGA-CM-5341,M_TP53_R158H
TCGA-C5-A1M8,M_CHD8_R578H
TCGA-15-0742,M_KCNQ5_A704V
TCGA-15-0742,M_CSMD3_E171K
TCGA-CV-A6JM,M_TP53_H193L
TCGA-CV-A6JM,M_NOTCH1_E455K
TCGA-IN-A6RL,M_DCLK1_R45C
TCGA-GC-A3YS,M_ERBB2_S310F
TCGA-GC-A3YS,M_TP53_R158H
TCGA-N9-A4Q7,M_FBXW7_R465C
TCGA-CK-4951,M_BRAF_V600E
TCGA-CK-4951,M_CHD8_R578H
TCGA-CK-4951,M_PIK3CA_T1025A
TCGA-FR-A726,M_DKK2_E226K
TCGA-FR-A726,M_GRXCR1_R147C
TCGA-DU-6392,M_MYH2_R1181C
TCGA-A6-2679,M_KRAS_G12D
TCGA-DD-AAEB,M_CTNNB1_S33C
TCGA-DD-AAEB,M_KMT2B_H1226Y
TCGA-AX-A0J0,M_MS4A8_S3L
TCGA-AX-A0J0,M_CSMD3_S1090Y
TCGA-AX-A0J0,M_GRXCR1_R190Q
TCGA-AX-A0J0,M_CSMD3_L2481I
TCGA-AX-A0J0,M_JAKMIP2_R283I
TCGA-EB-A553,M_BRAF_V600E
TCGA-BS-A0TI,M_TP53_C238Y
TCGA-33-AASJ,M_GRM5_S406L
TCGA-14-0736,M_KRT15_G232S
TCGA-DD-AAEE,M_TP53_G245D
TCGA-K7-A6G5,M_KCNQ5_E455K
TCGA-A5-A0GM,M_PIK3CA_E542K
TCGA-DD-A119,M_CTNNB1_G34V
TCGA-CQ-6218,M_GRID1_R221W
TCGA-AX-A2HC,M_CASP8_R68Q
TCGA-EY-A549,M_PIK3CA_R88Q
TCGA-B7-A5TN,M_TP53_E286G
TCGA-AX-A1C8,M_FBXW7_G423V
TCGA-AX-A3G7,M_PIK3CA_Q546P
TCGA-B0-4827,M_CSMD3_R2231Q
TCGA-CN-A497,M_WT1_R462L
TCGA-G3-AAV0,M_PIK3CA_H1047L
TCGA-EJ-5530,M_DKK2_R230H
TCGA-AX-A2H2,M_FBXW7_G423V
TCGA-AG-A02N,M_MYF5_R93Q
TCGA-D8-A1XK,M_GRXCR1_R14Q
TCGA-BR-4267,M_BTBD11_K1003T
TCGA-HU-A4G9,M_KCNQ5_R426C
TCGA-UY-A78K,M_TP53_R273C
TCGA-UY-A78K,M_CASP8_I333M
TCGA-F7-A622,M_NOTCH1_R353C
TCGA-D1-A16S,M_PIK3CA_E542A
TCGA-PZ-A5RE,M_BTBD11_K1003T
TCGA-G3-A3CJ,M_CTNNB1_G34V
TCGA-G3-A3CJ,M_TP53_V143M
TCGA-BH-A0B6,M_CSMD3_D285N
TCGA-ER-A19F,M_MYH2_E347K
TCGA-ER-A19F,M_CSMD3_G742E
TCGA-A6-4107,M_PIK3CA_E542K
TCGA-AP-A1DP,M_KRAS_G12C
TCGA-FI-A2D5,M_CSMD3_S1090Y
TCGA-FI-A2D5,M_MYH2_A387V
TCGA-D1-A1NS,M_KRAS_G12V
TCGA-W3-A825,M_ABCB1_E468K
TCGA-DD-AACA,M_CTNNB1_S33F
TCGA-EE-A3JD,M_NF1_R1276Q
TCGA-61-1737,M_TP53_D281Y
TCGA-ER-A19H,M_MYH2_R1051C
TCGA-ER-A19H,M_CSMD3_R100Q
TCGA-EB-A3XF,M_MYH2_E868K
TCGA-EE-A29S,M_ELF3_P30S
TCGA-EE-A29S,M_ELF3_R126Q
TCGA-BF-AAP1,M_CSMD3_R100Q
TCGA-66-2786,M_MYF5_E104K
TCGA-QB-AA9O,M_GRID1_S388L
TCGA-AQ-A54O,M_PIK3CA_E545K
TCGA-E7-A7DU,M_PIK3CA_E545Q
TCGA-GR-7351,M_MAGI2_L114V
TCGA-D3-A8GI,M_ARID2_R314C
TCGA-D3-A8GI,M_CSMD3_P184S
TCGA-D3-A8GI,M_KRT15_G232S
TCGA-D6-A6EN,M_BRAF_G466E
TCGA-XF-AAMQ,M_CSMD3_E2280K
TCGA-GC-A6I3,M_PIK3CA_E545A
TCGA-CG-5722,M_KCNQ5_T693M
TCGA-BS-A0UF,M_INTS7_R106I
TCGA-BS-A0UF,M_MYH2_R1051C
TCGA-BS-A0UF,M_ZNF117_R157I
TCGA-BS-A0UF,M_KCND3_S438L
TCGA-BS-A0UF,M_CSMD3_S1090Y
TCGA-AP-A0LP,M_PIK3CA_R93Q
TCGA-EO-A1Y5,M_FBXW7_R465C
TCGA-ER-A19O,M_CSMD3_G2578E
TCGA-5S-A9Q8,M_FBXW7_R479Q
TCGA-5S-A9Q8,M_PIK3CA_R38C
TCGA-A5-A0G2,M_MYH2_R1051C
TCGA-A5-A0G2,M_GRM5_S406L
TCGA-A5-A0G2,M_TRIM23_R289Q
TCGA-A5-A0G2,M_PGM5_T442M
TCGA-A5-A0G2,M_MYH2_R1787Q
TCGA-A5-A0G2,M_TBX18_S206L
TCGA-DJ-A3V4,M_BRAF_V600E
TCGA-B5-A1MR,M_MYH2_R1051C
TCGA-B5-A1MR,M_MYH2_R793Q
TCGA-B5-A1MR,M_ATM_S2812Y
TCGA-B5-A1MR,M_TAF1_R539Q
TCGA-B5-A1MR,M_CSMD3_L2481I
TCGA-B5-A1MR,M_OR5I1_S89L
TCGA-AG-3881,M_FBXW7_R465H
TCGA-AG-3881,M_KMT2C_G3665A
TCGA-AX-A06F,M_PIK3CA_R88Q
TCGA-AX-A06F,M_FBXW7_R465C
TCGA-AX-A06F,M_ZNF117_R185I
TCGA-AX-A06F,M_ATRX_R781Q
TCGA-AX-A06F,M_MYO6_A91T
TCGA-G4-6304,M_TRIM23_N92I
TCGA-N7-A4Y8,M_PIK3CA_E545K
TCGA-N7-A4Y8,M_FBXW7_R465C
TCGA-N7-A4Y8,M_ERBB3_D297Y
TCGA-BR-8296,M_TP53_C238F
TCGA-FI-A2EW,M_SPOP_R121Q
TCGA-AD-6964,M_MYH2_E1421K
TCGA-37-3783,M_EP300_Y1414C
TCGA-EM-A22Q,M_NRAS_Q61K
TCGA-BK-A0CB,M_PIK3CA_E542K
TCGA-BK-A0CB,M_APC_S1696N
TCGA-05-4390,M_KRAS_G12V
TCGA-AA-3956,M_PIK3CA_E545A
TCGA-AA-3956,M_NF1_R1276Q
TCGA-EJ-A65D,M_PIK3CA_R88Q
TCGA-CV-6960,M_DCLK1_A18V
TCGA-EI-6882,M_ATM_R337H
TCGA-D1-A15X,M_PIK3CA_C420R
TCGA-D1-A15X,M_FGFR2_R664W
TCGA-B5-A11G,M_TRIM23_N92I
TCGA-AG-A002,M_MBOAT2_R43Q
TCGA-AG-A002,M_MS4A8_S3L
TCGA-AG-A002,M_KCND3_S438L
TCGA-AG-A002,M_CAPRIN2_E13K
TCGA-AG-A002,M_EGFR_E114K
TCGA-AG-A002,M_TRIM23_R289Q
TCGA-AG-A002,M_ATRX_R781Q
TCGA-AG-A002,M_MYH2_D756N
TCGA-AG-A002,M_APC_E136K
TCGA-AG-A002,M_APC_S1400L
TCGA-AG-A002,M_ATM_L1408I
TCGA-AG-A002,M_KCNQ5_R187Q
TCGA-AG-A002,M_MYCN_R373Q
TCGA-AG-A002,M_ABCB1_R286I
TCGA-AG-A002,M_TBX18_S206L
TCGA-AG-A002,M_GRID1_R631H
TCGA-2Y-A9H3,M_TAF1_R1163H
TCGA-WQ-A9G7,M_TP53_R175H
TCGA-D1-A16F,M_PIK3CA_R88Q
TCGA-EL-A4KI,M_NRAS_Q61R
TCGA-J2-A4AD,M_CSMD3_R5C
TCGA-AP-A0LL,M_BCOR_N1459S
TCGA-AC-A2FE,M_CSMD3_R334Q
TCGA-SH-A7BH,M_TP53_V216L
TCGA-E1-A7Z2,M_EGFR_L62R
TCGA-CV-6436,M_PIK3CA_K111E
TCGA-EE-A29H,M_ABCB1_E468K
TCGA-EY-A1GT,M_KRAS_G12V
TCGA-EY-A1GT,M_PIK3CA_R115L
TCGA-EB-A4OZ,M_BRAF_V600E
TCGA-5M-AAT6,M_KCNQ5_R426C
TCGA-EO-A3AV,M_ZNF117_R185I
TCGA-EO-A3AV,M_CHD8_F668L
TCGA-AP-A052,M_PIK3CA_E81K
TCGA-GS-A9TY,M_TP53_I232T
TCGA-D1-A1O8,M_PTEN_G132D
TCGA-D1-A1O8,M_CTNNB1_G34V
TCGA-D1-A1O8,M_PIK3CA_P539R
TCGA-AG-A01L,M_CSMD3_R1529H
TCGA-BS-A0UT,M_PIK3CA_E545A
TCGA-BS-A0UT,M_SPOP_M117V
TCGA-91-6849,M_KRAS_G12C
TCGA-DY-A1DC,M_KCND3_T231M
TCGA-B6-A0I5,M_PIK3CA_Q546R
TCGA-64-5781,M_WT1_R462L
TCGA-AG-3901,M_PIK3CA_V344G
TCGA-AC-A2QH,M_KCNQ5_R187Q
TCGA-KS-A41J,M_BRAF_V600E
TCGA-61-2113,M_TP53_G266V
TCGA-CM-5861,M_BRAF_V600E
TCGA-19-2625,II_EGFR_768_CAGCGTGGA
TCGA-19-2625,M_TP53_Y205C
TCGA-19-2625,M_TP53_C238Y
TCGA-19-2625,M_MYH2_R1051C
TCGA-ER-A2NE,M_CSMD3_G1195W
TCGA-AP-A1DK,M_PIK3CA_R88Q
TCGA-AP-A1DK,M_FBXW7_R465C
TCGA-AP-A1DK,M_GATA3_A395T
TCGA-AP-A1DK,M_ARHGAP35_R863C
TCGA-CG-4460,M_DCLK1_R80W
TCGA-D3-A3MU,M_TBX18_H401Y
TCGA-AM-5821,M_ATM_R337C
TCGA-GN-A8LN,M_NRAS_Q61R
TCGA-GN-A8LN,M_RAC1_P29S
TCGA-AP-A0LE,M_KRAS_G12A
TCGA-AP-A0LE,M_PIK3CA_V344M
TCGA-AP-A0LE,M_TAF1_R843W
TCGA-AX-A06H,M_FGFR2_N549K
TCGA-BJ-A290,M_BRAF_V600E
TCGA-ER-A2NB,M_NRAS_Q61R
TCGA-ZS-A9CE,M_PIK3CA_E545A
TCGA-AZ-4315,M_PIK3CA_R88Q
TCGA-AZ-4315,M_APC_S2307L
TCGA-AZ-4315,M_TUSC3_R82Q
TCGA-AZ-4315,M_OR5I1_S89L
TCGA-D1-A103,M_MS4A8_S3L
TCGA-D1-A103,M_CSMD3_R334Q
TCGA-D1-A103,M_SULT1C4_R85Q
TCGA-D1-A103,M_PIK3CA_E39K
TCGA-B5-A11N,M_GRXCR1_R262Q
TCGA-B5-A11N,M_KCND3_S438L
TCGA-B5-A11N,M_PIK3R1_L56V
TCGA-B5-A11N,M_DCLK1_R93Q
TCGA-AA-3664,M_BRAF_V600E
TCGA-ER-A1A1,M_MYH2_E868K
TCGA-AX-A0J1,M_BTBD11_R421C
TCGA-AX-A0J1,M_CSMD3_R1946C
TCGA-AX-A0J1,M_GRID1_R631H
TCGA-BS-A0U8,M_KRAS_G12D
TCGA-BS-A0U8,M_FBXW7_R505C
TCGA-AA-A02R,M_BRAF_V600E
TCGA-AA-A02R,M_GRM5_R834C
TCGA-AA-A02R,M_CSMD3_E2280K
TCGA-CM-4748,M_PIK3CA_E545K
TCGA-CM-4748,M_KRAS_G12D
TCGA-CV-A45Z,M_CSMD3_R3127Q
TCGA-EY-A1G8,M_PIK3CA_R88Q
TCGA-EY-A1G8,M_PIK3CA_M1043I
TCGA-EY-A1G8,M_MS4A8_S3L
TCGA-EY-A1G8,M_CSMD3_R3127Q
TCGA-EY-A1G8,M_FLT3_R387Q
TCGA-EY-A1G8,M_ZNF844_D436N
TCGA-EY-A1G8,M_CSMD3_R2168Q
TCGA-EC-A24G,M_PIK3CA_R93Q
TCGA-D3-A5GS,M_DKK2_E226K
TCGA-55-A4DF,M_MB21D2_Q311E
TCGA-D1-A17T,M_PIK3CA_R88Q
TCGA-D1-A17T,M_ATM_R23Q
TCGA-EY-A548,M_KRAS_G12D
TCGA-BR-8676,M_PIK3CA_E453K
TCGA-AA-A01K,M_PIK3CA_E545K
TCGA-AA-A01K,M_FBXW7_R505C
TCGA-W3-AA1O,M_BRAF_G469R
TCGA-D3-A5GT,M_BRAF_V600E
TCGA-BG-A18B,M_KRAS_G12D
TCGA-2L-AAQA,M_KRAS_G12V
TCGA-2L-AAQA,M_TP53_R175H
TCGA-2L-AAQA,M_PIK3CA_P539R
TCGA-VQ-A8P2,M_GRM5_S406L
TCGA-VQ-A8P2,M_KCNQ5_R426C
TCGA-B5-A0JV,M_PIK3CA_E542K
TCGA-B5-A0JV,M_PIK3CA_V344M
TCGA-DM-A0XF,M_ATM_R337C
TCGA-CR-6474,M_TP53_G245V
TCGA-G9-6363,M_ABCB1_R467W
TCGA-FS-A1ZW,M_MYH2_E1382K
TCGA-HT-A61C,M_EGFR_T263P
TCGA-HT-A61C,M_CHD8_R578H
TCGA-EE-A3AG,M_ABCB1_G610E
TCGA-78-7149,M_TP53_R248L
TCGA-05-4415,M_XYLT1_R754H
TCGA-D3-A51E,M_NRAS_Q61R
TCGA-ZF-AA53,M_PIK3CA_E545K
TCGA-EE-A3J4,M_KRT15_V205I
TCGA-26-1442,M_MS4A8_A91V
TCGA-86-8585,M_DCLK1_R45C
TCGA-86-8585,M_CREBBP_W1472C
TCGA-A7-A3RF,M_TP53_R273H
TCGA-AA-3850,M_PIK3CA_E542K
TCGA-EL-A3GY,M_BRAF_V600E
TCGA-H7-A6C4,M_GRXCR1_R19Q
TCGA-HZ-8001,M_KRAS_G12V
TCGA-BG-A221,M_PIK3CA_R93Q
TCGA-CV-A6JE,M_TP53_Y220C
TCGA-G4-6321,M_GRID1_S388L
TCGA-A6-6141,M_GRXCR1_R262Q
TCGA-CV-5973,M_TP53_R282W
TCGA-RP-A695,M_GRXCR1_R190Q
TCGA-AP-A05P,M_FBXW7_R479Q
TCGA-AR-A0TU,M_APC_S1696N
TCGA-GN-A4U9,M_NRAS_Q61R
TCGA-A5-A0GB,M_PIK3CA_R108H
TCGA-A5-A0GB,M_TAF1_R342C
TCGA-DD-A116,M_KMT2C_G3665A
TCGA-FU-A3EO,M_KRAS_G12D
TCGA-AA-3488,M_PIK3CA_E542K
TCGA-43-7658,M_GRXCR1_R191Q
TCGA-EI-6512,M_ATM_R337C
TCGA-GD-A6C6,M_PIK3CA_E545K
TCGA-GD-A6C6,M_TP53_C141Y
TCGA-M7-A722,M_IDH1_R132C
TCGA-M7-A722,M_CTNNB1_S33C
TCGA-A5-A2K5,M_PIK3CA_R88Q
TCGA-A5-A2K5,M_KCND3_S438L
TCGA-A5-A2K5,M_CSMD3_R3127Q
TCGA-A5-A2K5,M_ATRX_R781Q
TCGA-A5-A2K5,M_TBX3_E275K
TCGA-A5-A2K5,M_UBQLN2_S62L
TCGA-A5-A2K5,M_SPOP_E47K
TCGA-A5-A2K5,M_MB21D2_R288W
TCGA-D1-A17A,M_KRAS_G12D
TCGA-EB-A431,M_CSMD3_R100Q
TCGA-CM-6674,M_TAF1_A445V
TCGA-B5-A3FB,M_PIK3CA_R88Q
TCGA-DX-A8BP,M_CSMD3_P258S
TCGA-DX-A1KZ,M_CSMD3_G1941E
TCGA-DC-6160,M_KCNQ5_A704V
TCGA-EE-A2MI,M_MYH2_E1382K
TCGA-EE-A2MI,M_MYH2_R793Q
TCGA-B5-A0K3,M_PIK3CA_R108H
TCGA-2W-A8YY,M_KCNQ5_R426C
TCGA-2W-A8YY,M_MYF5_E104K
TCGA-FR-A3YN,M_HGF_E199K
TCGA-FS-A1ZB,M_CSMD3_G1195W
TCGA-05-4420,M_HRAS_Q61L
TCGA-05-4420,M_TP53_R280I
TCGA-05-4420,M_GATA3_M442I
TCGA-CU-A5W6,M_PIK3CA_Q546K
TCGA-CU-A5W6,M_SF3B1_E902K
TCGA-CF-A5UA,M_KRAS_G12C
TCGA-BS-A0V4,M_KRAS_G12V
TCGA-BS-A0V4,M_PTEN_R130G
TCGA-06-2559,M_TP53_P190L
TCGA-06-2559,M_TP53_T155N
TCGA-GN-A267,M_PIK3R1_G353W
TCGA-GN-A267,M_SETD2_R1335C
TCGA-RU-A8FL,M_MYH2_D756N
TCGA-D1-A17F,M_NRAS_G12D
TCGA-EE-A2MG,M_CSMD3_M729I
TCGA-33-4566,M_ATM_G1663C
TCGA-LN-A7HZ,M_NFE2L2_E79Q
TCGA-D3-A2JD,M_CSMD3_P3166H
TCGA-06-0747,M_EGFR_A289V
TCGA-DK-A1AG,M_ATM_R337H
TCGA-D3-A1QA,M_JAKMIP2_E155K
TCGA-AA-A01P,M_BRAF_V600E
TCGA-A5-A0GP,M_KRAS_G12D
TCGA-A5-A0GP,M_PIK3CA_R88Q
TCGA-A5-A0GP,M_FBXW7_R465C
TCGA-A5-A0GP,M_KCNQ5_R426C
TCGA-G7-6795,M_ARID1B_P1411Q
TCGA-EE-A181,M_MYH2_R1051C
TCGA-EE-A181,M_JAKMIP2_D338N
TCGA-AD-6888,M_DCLK1_R80W
TCGA-K1-A42X,M_KCNQ5_T693M
TCGA-EE-A2GJ,M_CSMD3_G165R
TCGA-D3-A5GO,M_MYH2_E1382K
TCGA-D3-A5GO,M_KCNQ5_R909Q
TCGA-D3-A5GO,M_GRXCR1_R14Q
TCGA-D1-A168,M_PIK3CA_E545K
TCGA-D1-A168,M_KMT2C_G3665A
TCGA-OL-A5S0,M_PIK3CA_E542K
TCGA-D1-A17H,M_PIK3CA_C420R
TCGA-D1-A0ZO,M_KRAS_G12V
TCGA-D1-A0ZO,M_PIK3CA_Q546R
TCGA-D1-A0ZO,M_CSMD3_R1946C
TCGA-D8-A1JF,M_GRXCR1_R262Q
TCGA-A5-A0GW,M_FGFR2_S252W
TCGA-A8-A092,M_PIK3CA_H1047R
TCGA-A8-A092,M_TP53_C238Y
TCGA-CC-5259,M_PIK3CA_E542K
TCGA-4Z-AA89,M_PIK3CA_R93Q
TCGA-FR-A8YC,M_KCNQ5_G273E
TCGA-FR-A8YC,M_MYF5_E104K
TCGA-FR-A8YC,M_CSMD3_G165R
TCGA-D3-A2JC,M_CSMD3_P3166H
TCGA-HV-A7OP,M_KRAS_G12D
TCGA-YG-AA3N,M_ABCB1_R404Q
TCGA-YG-AA3N,M_ABCB1_R41C
TCGA-YG-AA3N,M_MYH2_R1506Q
TCGA-CN-4739,M_TP53_R337C
TCGA-DB-A64V,M_PIK3CA_E453K
TCGA-L5-A4OH,M_TP53_R273C
TCGA-L5-A4OH,M_PIK3R1_G353W
TCGA-A6-3808,M_KMT2C_G3665A
TCGA-49-4507,M_FAM8A1_E94K
TCGA-AP-A0LD,M_KRAS_G12D
TCGA-AP-A0LD,M_PIK3CA_R108H
TCGA-AP-A0LD,M_PIK3CA_R38H
TCGA-G4-6588,M_DKK2_R230H
TCGA-G4-6588,M_ABCB1_R41H
TCGA-N5-A4RS,M_KRAS_G12C
TCGA-N5-A4RS,M_FBXW7_R465H
TCGA-N5-A4RS,M_PIK3CA_N345T
TCGA-B5-A11O,M_PIK3CA_Q546K
TCGA-DK-AA6S,M_CDKN2A_D108N
TCGA-BR-A4CS,M_TP53_C242S
TCGA-AX-A05W,M_KRAS_G12V
TCGA-AX-A05W,M_PIK3CA_Q546K
TCGA-2J-AABV,M_KRAS_G12V
TCGA-BG-A0MC,M_KRAS_G13D
TCGA-BG-A0MC,M_PIK3CA_E542A
TCGA-B5-A11H,M_PIK3CA_D350G
TCGA-91-6848,M_OR5I1_L294F
TCGA-DU-5853,M_IDH1_R132H
TCGA-DU-5853,M_TP53_R273C
TCGA-CG-4466,M_OR5I1_R231C
TCGA-VQ-A8PX,M_CSMD3_T2652M
TCGA-DF-A2KU,M_PIK3CA_R88Q
TCGA-DF-A2KU,M_PIK3CA_E365K
TCGA-DF-A2KU,M_ATRX_R781Q
TCGA-DF-A2KU,M_XYLT1_E804K
TCGA-B5-A1MZ,M_FBXW7_R479G
TCGA-DR-A0ZM,M_PIK3CA_E542K
TCGA-FV-A4ZP,M_TP53_E286K
TCGA-DB-A75K,M_IDH1_R132H
TCGA-ER-A2ND,M_BRAF_V600E
TCGA-2Y-A9GS,M_TP53_R249S
TCGA-UF-A7JS,M_TP53_R282W
TCGA-AZ-4313,M_KMT2C_A135T
TCGA-AZ-4313,M_MB21D2_R288W
TCGA-AA-3696,M_PIK3CA_H1047R
TCGA-AA-3696,M_KRAS_G12C
TCGA-D6-A6ES,M_KCND3_E626K
TCGA-D1-A1O7,M_PIK3CA_R88Q
TCGA-A5-A0VP,M_PIK3CA_R88Q
TCGA-A5-A0VP,M_ABCB1_R467W
TCGA-A5-A0VP,M_KCNQ5_T693M
TCGA-02-0047,M_KRT15_V205I
TCGA-B5-A11F,M_PIK3CA_M1043I
TCGA-AX-A3FT,M_TAF1_R342C
TCGA-C5-A2LZ,M_CSMD3_R683C
TCGA-AA-3950,M_ALK_R292C
TCGA-A6-2683,M_PIK3CA_D350N
TCGA-D7-6526,M_CSMD3_E2280K
TCGA-DH-A7US,M_ZNF799_R297Q
TCGA-AP-A0LM,M_FBXW7_R505C
TCGA-AP-A0LM,M_LSM11_R180W
TCGA-AP-A0LM,M_SULT1C4_R85Q
TCGA-AP-A0LM,M_ACVR2A_E214K
TCGA-AP-A0LM,M_PIK3CA_D350N
TCGA-AP-A0LM,M_KCND3_E626K
TCGA-A6-5659,M_CSMD3_R5C
TCGA-58-8390,M_CSMD3_G1195W
TCGA-AG-3887,M_PIK3CA_P471L
TCGA-CN-6992,M_CSMD3_G1195W
TCGA-G4-6302,M_CSMD3_R3025C
TCGA-AP-A1E4,M_KRAS_G12C
TCGA-AP-A1E4,M_SPOP_M117V
TCGA-43-8115,M_PIK3CA_H1047R
TCGA-43-8115,M_TP53_Y163C
TCGA-AP-A0LJ,M_PIK3CA_Q546P
TCGA-EE-A29N,M_KCNQ5_G273E
TCGA-5L-AAT1,M_PIK3CA_R88Q
TCGA-QA-A7B7,M_TP53_R249S
TCGA-G4-6586,M_BRAF_V600E
TCGA-G4-6586,M_KCNQ5_A704V
TCGA-G4-6586,M_GRID1_R221W
TCGA-D3-A3CE,M_CSMD3_G1195W
TCGA-AA-A03F,M_PIK3CA_E545K
TCGA-AA-A03F,M_KRAS_G12D
TCGA-BG-A0MQ,M_PIK3CA_R93Q
TCGA-AX-A1C7,M_FBXW7_G423V
TCGA-AA-3846,M_KMT2C_G3665A
TCGA-N5-A4RF,M_KRAS_G12V
TCGA-N5-A4RF,M_PIK3CA_G106V
TCGA-CG-5723,M_ATM_R337C
TCGA-AX-A3G8,M_KRAS_G12A
TCGA-AX-A3G8,M_PTEN_G132D
TCGA-AX-A3G8,M_MYH2_R793Q
TCGA-AX-A3G8,M_TAF1_A1287V
TCGA-EO-A22R,M_PIK3CA_R88Q
TCGA-EO-A22R,M_ZNF117_R185I
TCGA-EO-A22R,M_GRXCR1_R19Q
TCGA-EO-A22R,M_CAPRIN2_R215Q
TCGA-EO-A22R,M_GRM5_R834C
TCGA-CN-5360,M_TP53_P152L
TCGA-CN-5360,M_MYH2_R1668W
TCGA-PG-A7D5,M_TP53_R282W
TCGA-PG-A7D5,M_FBXW7_R505C
TCGA-CV-5434,M_TP53_Y236C
TCGA-CV-5434,M_KEAP1_R470C
TCGA-XF-A9T2,M_FGFR2_N549K
TCGA-FP-7998,M_MYF5_R93Q
TCGA-FU-A23K,M_PIK3CA_V344G
TCGA-AA-3510,M_PIK3CA_R88Q
TCGA-AA-3510,M_ARID2_S297F
TCGA-EE-A20F,M_TRIM48_M17I
TCGA-IQ-A61H,M_KRTAP4-11_R41H
TCGA-UF-A7JA,M_APC_E136K
TCGA-UF-A7JA,M_CSMD3_R395Q
TCGA-H2-A421,M_BRAF_V600E
TCGA-AP-A0LV,M_PIK3CA_E545K
TCGA-D8-A1Y3,M_KMT2C_G3665A
TCGA-UF-A7JF,M_PIK3CA_E545K
TCGA-EE-A29R,M_CSMD3_D285N
TCGA-CM-4750,M_MYH2_R1668W
TCGA-78-7537,M_BRAF_G466V
TCGA-NH-A6GB,M_MYH2_R1388H
TCGA-EB-A44P,M_BRAF_V600E
TCGA-AQ-A54N,M_ABCB1_R404Q
TCGA-09-2044,M_GATA3_M442I
TCGA-09-2044,M_TAF1_R1442L
TCGA-CK-6751,M_MYF5_R129C
TCGA-DK-AA71,M_LZTR1_G248R
TCGA-E6-A1LX,M_PIK3CA_R88Q
TCGA-E6-A1LX,M_MS4A8_S3L
TCGA-E6-A1LX,M_CASP8_R233W
TCGA-E6-A1LX,M_CAPRIN2_E13K
TCGA-E6-A1LX,M_CHD8_F668L
TCGA-E6-A1LX,M_TAF1_R539Q
TCGA-E6-A1LX,M_TBX3_E275K
TCGA-E6-A1LX,M_UBQLN2_S62L
TCGA-E6-A1LX,M_METTL14_R228Q
TCGA-AJ-A5DW,M_MS4A8_S3L
TCGA-AJ-A5DW,M_GRM5_S406L
TCGA-QS-A5YR,M_PIK3CA_C420R
TCGA-CN-5367,M_TP53_R273C
TCGA-CN-5367,M_TP53_A161T
TCGA-DM-A0X9,M_CSMD3_R2231Q
TCGA-D1-A16R,M_PIK3CA_R88Q
TCGA-AA-3833,M_BRAF_V600E
TCGA-TN-A7HL,M_PIK3CA_E542K
TCGA-85-A4CL,M_CSMD3_D285N
TCGA-A6-6653,M_BRAF_V600E
TCGA-AP-A1DQ,M_KRT15_V205I
TCGA-AP-A1DQ,M_PIK3CA_G106V
TCGA-2H-A9GH,M_BTBD11_K1003T
TCGA-BR-8485,M_GRM5_T906P
TCGA-50-6590,M_CSMD3_E531K
TCGA-MY-A5BE,M_PIK3CA_E545K
TCGA-AA-3672,M_MYH2_A387V
TCGA-G3-AAV6,M_ALK_G452W
TCGA-D5-6924,M_TP53_Y163C
TCGA-A6-5665,M_GATA3_A395T
TCGA-A6-5665,M_ATM_R337H
TCGA-EY-A1GI,M_CSMD3_L2370I
TCGA-AX-A1C9,M_PIK3CA_E545A
TCGA-AA-3848,M_PIK3CA_R88Q
TCGA-AA-3848,M_PIK3CA_D350G
TCGA-D1-A1NU,M_PIK3CA_N345K
TCGA-AX-A3G6,M_PIK3CA_H1047R
TCGA-AX-A3G6,M_CTNNB1_S33P
TCGA-DD-AACI,II_EGFR_767_TGGCCAGCG
TCGA-UY-A78M,M_PIK3CA_H1047L
TCGA-UY-A78M,M_TP53_R280T
TCGA-LL-A5YL,M_ERBB3_T355I
TCGA-KQ-A41N,M_KRAS_G12C
TCGA-KQ-A41N,M_MB21D2_Q311E
TCGA-E2-A1IF,M_PIK3CA_H1047R
TCGA-E2-A1IF,M_KRAS_G12D
TCGA-FG-A70Z,M_EGFR_A289V
TCGA-75-7030,M_KRAS_G12D
TCGA-BP-5185,M_MYH2_D756N
TCGA-AP-A1DV,M_PIK3CA_E545G
TCGA-AP-A1DV,M_KCND3_S438L
TCGA-AP-A1DV,M_KCNQ5_R426C
TCGA-AP-A1DV,M_GATA3_R305Q
TCGA-5M-AAT4,M_MAGI2_L603R
TCGA-D3-A1Q3,M_ALK_G452W
TCGA-18-3409,M_MYH2_E347K
TCGA-18-3409,M_MYF5_R129C
TCGA-18-3409,M_KCNQ5_S280L
TCGA-BR-8368,M_KRAS_G13D
TCGA-BR-8368,M_SMARCA4_E920K
TCGA-BR-4191,M_BTBD11_A561V
TCGA-BS-A0UV,M_PIK3CA_R88Q
TCGA-BS-A0UV,M_MBOAT2_R43Q
TCGA-BS-A0UV,M_KMT2C_R56Q
TCGA-BS-A0UV,M_FLT3_R387Q
TCGA-BS-A0UV,M_KMT2C_F357L
TCGA-BS-A0UV,M_ATM_L1408I
TCGA-BS-A0UV,M_CDK12_S475Y
TCGA-BS-A0UV,M_KCND3_T231M
TCGA-BS-A0UV,M_MED12_E79D
TCGA-BS-A0UV,M_JAKMIP2_R283I
TCGA-EE-A2M5,M_CSMD3_G1941E
TCGA-AX-A05S,M_FBXW7_Y545C
TCGA-B5-A3F9,M_KRAS_G12D
TCGA-BR-8680,M_GRXCR1_R262Q
TCGA-BR-8680,M_MYH2_E1421K
TCGA-BR-8680,M_KCNQ5_E455K
TCGA-BR-8680,M_GRM5_R834C
TCGA-DF-A2KV,M_MTOR_E1799K
TCGA-DF-A2KV,M_PIK3CA_R93W
TCGA-FW-A3R5,M_MYH2_E878K
TCGA-FW-A3R5,M_ABCB1_R489C
TCGA-FW-A3R5,M_ABCB1_E468K
TCGA-FW-A3R5,M_TRIM48_E28K
TCGA-FW-A3R5,M_GRID1_S388L
TCGA-FW-A3R5,M_MYH2_M858I
TCGA-A2-A3XV,M_ERBB3_G284R
TCGA-06-5416,M_MYH2_E1421K
TCGA-06-5416,M_ALK_R292C
TCGA-06-5416,M_CDH1_R598Q
TCGA-06-5416,M_MS4A8_A91V
TCGA-DI-A2QT,M_FBXW7_Y545C
TCGA-SY-A9G5,M_PIK3CA_E600K
TCGA-EE-A29D,M_CSMD3_P184S
TCGA-EE-A29D,M_ABCB1_S696F
TCGA-QB-A6FS,M_CSMD3_R334Q
TCGA-QB-A6FS,M_MYH2_E878K
TCGA-AX-A06J,M_PIK3CA_C378F
TCGA-FR-A7U9,M_JAKMIP2_E155K
TCGA-EE-A29C,M_HGF_E199K
TCGA-FA-8693,M_MAGI2_L114V
TCGA-A6-A567,M_KRAS_G12C
TCGA-A6-A567,M_DKK2_R230H
TCGA-VQ-A924,M_ERBB3_V104M
TCGA-VQ-A924,M_PIK3CA_Q546R
TCGA-D1-A101,M_KRAS_G12D
TCGA-D1-A101,M_FBXW7_G423V
TCGA-E9-A22B,M_CSMD3_R395Q
TCGA-UY-A8OC,M_GRM5_R128C
TCGA-B5-A11L,M_KRAS_G12D
TCGA-BK-A6W3,M_GRM5_S406L
TCGA-DY-A1DF,M_KRAS_G13D
TCGA-G9-6498,M_BRAF_G469A
TCGA-X6-A7WC,M_TP53_G244S
TCGA-AX-A05T,M_PIK3CA_H1047R
TCGA-RQ-AAAT,M_TP53_R248W
TCGA-RQ-AAAT,M_MYD88_L265P
TCGA-EY-A1H0,M_PIK3CA_R38C
TCGA-AA-3715,M_BRAF_V600E
TCGA-AA-3715,M_PIK3CA_H1047R
TCGA-78-7167,M_KRAS_G12V
TCGA-78-7167,M_KRAS_G12C
TCGA-78-7167,M_KEAP1_G480W
TCGA-AX-A06D,M_KRAS_G12D
TCGA-AX-A06D,M_BCOR_N1459S
TCGA-AX-A06D,M_KMT2C_G3665A
TCGA-77-6842,M_GRM5_R128C
TCGA-AP-A1E0,M_PIK3CA_R88Q
TCGA-AP-A1E0,M_FAT1_R1627Q
TCGA-AP-A1E0,M_PDE7B_E11K
TCGA-AP-A1E0,M_DCLK1_R93Q
TCGA-G4-6306,M_TUSC3_F66V
TCGA-AP-A059,M_APC_S1696N
TCGA-AP-A059,M_CSMD3_L2481I
TCGA-AP-A059,M_CSMD3_R5C
TCGA-12-0618,M_TP53_C238Y
TCGA-XF-AAMH,M_KRAS_G12D
TCGA-HJ-7597,M_MYH2_R1388H
TCGA-AX-A05Z,M_INTS7_R106I
TCGA-AX-A05Z,M_MS4A8_S3L
TCGA-AX-A05Z,M_CASP8_R68Q
TCGA-AX-A05Z,M_KMT2C_R56Q
TCGA-AX-A05Z,M_NF1_R1306Q
TCGA-AX-A05Z,M_MYH2_D756N
TCGA-AX-A05Z,M_APC_S2026Y
TCGA-AX-A05Z,M_TBX3_E275K
TCGA-AX-A05Z,M_MAGI2_L450M
TCGA-AX-A05Z,M_OR5I1_S89L
TCGA-ZF-A9RC,M_FAM8A1_E94K
TCGA-ZF-A9RC,M_XYLT1_R754H
TCGA-EO-A3AZ,M_PIK3CA_R108H
TCGA-EO-A3AZ,M_PIK3CA_E545Q
TCGA-EY-A210,M_PIK3CA_N1044K
TCGA-A5-A0RA,M_PIK3CA_R115L
TCGA-B5-A11E,M_CAPRIN2_R215Q
TCGA-B5-A11E,M_MYH2_R1181C
TCGA-B5-A11E,M_BTBD11_R421C
TCGA-B5-A11E,M_CSMD3_R2231Q
TCGA-32-1982,M_KMT2C_F357L
TCGA-BR-6454,M_MAGI2_L603R
TCGA-2Y-A9H1,M_CTNNB1_S45P
TCGA-E6-A1M0,M_TRIM23_R289Q
TCGA-E6-A1M0,M_CSMD3_R3127Q
TCGA-AA-A022,M_BRAF_V600E
TCGA-AA-A022,M_MAP3K1_R306H
TCGA-AA-3877,M_BRAF_V600E
TCGA-AA-3877,M_KMT2C_G3665A
TCGA-B5-A5OD,M_RASA1_R194H
TCGA-D1-A16D,M_KRAS_G12A
TCGA-A6-2680,M_PIK3CA_E542K
TCGA-D1-A174,M_PIK3CA_R88Q
TCGA-EA-A4BA,M_KRAS_G12V
TCGA-EA-A4BA,M_BCOR_N1459S
TCGA-EA-A4BA,M_PIK3CA_K111E
TCGA-AP-A0LN,M_PIK3CA_E545K
TCGA-KS-A41F,M_BRAF_V600E
TCGA-EI-6507,M_MYCN_R302C
TCGA-DA-A95X,M_CSMD3_R334Q
TCGA-BR-8382,M_BTBD11_A561V
TCGA-AA-3966,M_JAKMIP2_A334T
TCGA-64-1677,M_KRAS_G12C
TCGA-50-5044,M_PIK3CA_E542K
TCGA-D3-A8GL,M_CSMD3_P258S
TCGA-D3-A8GL,M_CSMD3_P184S
TCGA-AA-3842,M_KMT2C_G3665A
TCGA-BH-A2L8,M_KCND3_E626K
TCGA-QS-A5YQ,M_PIK3CA_E542K
TCGA-QS-A5YQ,M_FBXW7_R479Q
TCGA-QS-A5YQ,M_CSMD3_R2231Q
TCGA-C5-A1ME,M_KRAS_G12D
TCGA-C5-A7UI,M_ZFP36L2_D240N
TCGA-AX-A1C4,M_PIK3CA_C420R
TCGA-BF-AAP4,M_CSMD3_G1941E
TCGA-A5-A0VO,M_KRAS_G12V
TCGA-AZ-4615,M_ARID2_R285Q
TCGA-AZ-4615,M_ABCB1_R1085W
TCGA-B5-A11Y,M_PIK3CA_R108H
TCGA-B5-A11Y,M_PIK3CA_R93Q
TCGA-B5-A11Y,M_PIK3CA_V344M
TCGA-B5-A11Y,M_ARHGAP35_R863C
TCGA-B5-A11Y,M_PIK3CA_H1047Q
TCGA-B5-A11Y,M_PIK3CA_D186H
TCGA-SJ-A6ZI,M_ATM_R337C
TCGA-DK-AA75,M_FBXW7_R505G
TCGA-37-5819,M_PIK3CA_G106V
TCGA-D1-A16X,M_MBOAT2_R43Q
TCGA-D1-A16X,M_ZNF117_R185I
TCGA-D1-A16X,M_ZNF117_R157I
TCGA-D1-A16X,M_KCND3_S438L
TCGA-D1-A16X,M_PIK3CA_R93W
TCGA-D1-A16X,M_GRM5_S406L
TCGA-D1-A16X,M_USP28_R141C
TCGA-D1-A16X,M_GRID1_S388L
TCGA-DD-AACD,M_CTNNB1_H36P
TCGA-AX-A2IN,M_PIK3CA_R38C
TCGA-AX-A2IN,M_PIK3CA_N345T
TCGA-EE-A3JA,M_MYH2_E878K
TCGA-BQ-7051,M_DCLK1_A18V
TCGA-AA-A010,M_ARID2_R314C
TCGA-AA-A010,M_KCND3_S438L
TCGA-AA-A010,M_ZNF799_R297Q
TCGA-AA-A010,M_TUSC3_R82Q
TCGA-AA-A010,M_ZNF844_D436N
TCGA-AX-A0IS,M_PIK3R1_L56V
TCGA-06-5856,M_EGFR_A289V
TCGA-FI-A2D0,M_TP53_R273C
TCGA-FI-A2D0,M_TP53_R282W
TCGA-FI-A2D0,M_SMARCA4_G1232S
TCGA-FI-A2D0,M_MYCN_R302C
TCGA-FI-A2D0,M_SMARCA4_R381Q
TCGA-FI-A2D0,M_NCOR1_R330W
TCGA-FI-A2D0,M_CDK12_R1008W
TCGA-FI-A2D0,M_DCLK1_R93Q
TCGA-FI-A2D0,M_GRID1_R631H
TCGA-DA-A1I0,M_BRAF_V600E
TCGA-DA-A1I0,M_BRAF_V600M
TCGA-DA-A1I0,M_CSMD3_T2652M
TCGA-77-7465,M_OR5I1_S95F
TCGA-BH-A0DO,M_PIK3CA_M1043I
TCGA-C8-A12Y,M_PIK3CA_H1047R
TCGA-BS-A0UJ,M_NRAS_Q61R
TCGA-BS-A0UJ,M_PIK3CA_Q546P
TCGA-BS-A0UJ,M_ERBB3_D297Y
TCGA-BS-A0UJ,M_APC_S1696N
TCGA-D3-A3ML,M_DKK2_E226K
TCGA-D3-A3ML,M_MYF5_E27K
TCGA-D3-A3ML,M_TRIM48_M17I
TCGA-AA-3837,M_KRAS_G12V
TCGA-AA-3837,M_PIK3CA_R88Q
TCGA-AA-3837,M_PIK3CA_N345K
TCGA-23-1022,M_TP53_K164E
TCGA-BG-A187,M_PIK3CA_C420R
TCGA-BG-A187,M_PIK3CA_R93Q
TCGA-AA-A00N,M_CAPRIN2_E13K
TCGA-AA-A00N,M_TRIM23_R289Q
TCGA-AA-A00N,M_EP300_R580Q
TCGA-AA-A00N,M_SULT1C4_R85Q
TCGA-AA-A00N,M_GRXCR1_R190Q
TCGA-AA-A00N,M_PIK3CA_R357Q
TCGA-AA-A00N,M_PDE7B_E11K
TCGA-AA-A00N,M_TAF1_R1221Q
TCGA-FG-A70Y,M_IDH1_R132H
TCGA-D1-A16Q,M_PTEN_R130G
TCGA-61-2000,M_CAPRIN2_E13K
TCGA-EM-A2CR,M_NRAS_Q61R
TCGA-W5-AA2O,M_IDH1_R132C
TCGA-EA-A3HS,M_MAGI2_D843N
TCGA-AA-3968,M_TP53_R175H
TCGA-AA-3968,M_CSMD3_G2578E
TCGA-A5-A0G9,M_PIK3CA_E545G
TCGA-AP-A1DR,M_PIK3R1_K567E
TCGA-AX-A0IZ,M_KRAS_G13D
TCGA-AX-A0IZ,M_PIK3CA_R93W
TCGA-AX-A0IZ,M_ERBB3_A232V
TCGA-AH-6897,M_KCNQ5_R909Q
TCGA-EY-A1GM,M_FBXW7_R505H
TCGA-FD-A5BX,M_PIK3CA_E365K
TCGA-DD-AADA,M_KRAS_G12D
TCGA-DD-A3A3,M_CTNNB1_G34E
TCGA-A6-5661,M_FBXW7_R465C
TCGA-BA-A6DD,M_PGM5_T476M
TCGA-EO-A22X,M_MBOAT2_R43Q
TCGA-EO-A22X,M_GRM5_S406L
TCGA-EO-A22X,M_CSMD3_R3127Q
TCGA-EO-A22X,M_KMT2C_F357L
TCGA-RY-A840,M_IDH1_R132H
TCGA-BQ-7049,M_CSMD3_G1195W
TCGA-GN-A4U3,M_FAT1_R1506C
TCGA-BR-7707,M_MAGI2_L114V
TCGA-05-4418,M_KRAS_G12C
TCGA-BG-A18A,M_PIK3CA_H1047R
TCGA-EE-A2GR,M_GATA3_M442I
TCGA-XV-AB01,M_BRAF_V600E
TCGA-XV-AB01,M_CSMD3_P258S
TCGA-AA-3821,M_PIK3CA_H1047L
TCGA-AA-3821,M_PIK3CA_M1043I
TCGA-XF-AAN5,M_ATM_R337H
TCGA-BL-A13I,M_FBXW7_R505G
TCGA-BL-A13I,M_RB1_R451C
TCGA-BG-A0VX,M_PIK3CA_R88Q
TCGA-BG-A0VX,M_PIK3CA_Q546P
TCGA-AA-3660,M_PIK3CA_E545K
TCGA-AA-3660,M_TP53_R273H
TCGA-AA-3660,M_KRAS_A146T
TCGA-B5-A0JU,M_PIK3CA_E545A
TCGA-WE-A8ZO,M_CSMD3_R334Q
TCGA-WE-A8ZO,M_MYH2_E1382K
TCGA-DF-A2L0,M_FGFR2_S252W
TCGA-DF-A2L0,M_TP53_S215I
TCGA-AG-3878,M_PIK3CA_E545G
TCGA-AX-A1CK,M_TAF1_R843W
TCGA-EE-A3AC,M_CSMD3_E531K
TCGA-02-2486,M_KMT2C_F357L
TCGA-34-2608,M_TP53_R158L
TCGA-34-2608,M_NFE2L2_W24C
TCGA-AR-A0TX,M_TP53_Y205C
TCGA-DD-AAEG,M_KRT15_V205I
TCGA-G2-AA3B,M_PIK3CA_E545K
TCGA-O2-A52V,M_TP53_C176Y
TCGA-ET-A2MX,M_OR5I1_L294F
TCGA-GF-A6C9,M_MYF5_E27K
TCGA-GF-A6C9,M_ABCB1_S696F
TCGA-GF-A6C9,M_TBX18_H401Y
TCGA-GF-A6C9,M_ABCB1_E468K
TCGA-AX-A2HA,M_ERBB3_E332K
TCGA-BS-A0TE,M_FGFR2_S252W
TCGA-DA-A960,M_NRAS_Q61L
TCGA-AX-A1CE,M_PIK3CA_R88Q
TCGA-AX-A1CE,M_MAP3K1_R306H
TCGA-AX-A1CE,M_PIK3CA_D350G
TCGA-AX-A1CE,M_APC_S2307L
TCGA-AX-A1CE,M_TET2_A347V
TCGA-AX-A1CE,M_ARID2_V179I
TCGA-AX-A1CE,M_TAF1_A1287V
TCGA-AX-A1CE,M_OR5I1_R231C
TCGA-AX-A1CE,M_TUSC3_R170I
TCGA-AX-A1CE,M_XYLT1_R754H
TCGA-A6-2672,M_BRAF_V600E
TCGA-A6-2672,M_KCND3_V94M
TCGA-44-6775,M_TP53_R175H
TCGA-A5-A0GA,M_PIK3CA_R38H
TCGA-IB-7651,M_MYCN_R302C
TCGA-IB-7651,M_JAKMIP2_D338N
TCGA-IB-7651,M_KCNQ5_S280L
TCGA-IB-7651,M_CSMD3_G742E
TCGA-CA-5256,M_GRXCR1_R19Q
TCGA-AA-3502,M_ATM_R337C
TCGA-CD-8534,M_CSMD3_T2652M
TCGA-AA-3977,M_PIK3CA_R88Q
TCGA-AA-3977,M_PIK3CA_M1043I
TCGA-AA-3977,M_ZNF117_R185I
TCGA-AA-3977,M_TRIM23_R289Q
TCGA-AA-3977,M_CSMD3_R683C
TCGA-AA-3977,M_KMT2B_E324K
TCGA-AA-3977,M_TAF1_R342C
TCGA-AG-4015,M_PIK3CA_E545K
TCGA-ET-A40S,M_PIK3CA_D186H
TCGA-BR-6802,M_GRXCR1_R190Q
TCGA-DB-5278,M_IDH1_R132H
TCGA-TM-A84M,M_KRT15_V205I
TCGA-FS-A1ZZ,M_ABCB1_G610E
TCGA-FS-A1ZZ,M_GRXCR1_R147C
TCGA-CV-A6K1,M_CSMD3_R3025C
TCGA-EL-A3GZ,M_BRAF_V600E
TCGA-AA-3530,M_KMT2C_G3665A
TCGA-FS-A1ZA,M_CSMD3_P258S
TCGA-AG-A011,M_ARID2_R285Q
TCGA-AP-A05O,M_KMT2C_G3665A
TCGA-L5-A8NM,M_MYH2_R1388H
TCGA-CQ-A4C7,M_CSMD3_P258S
TCGA-BS-A0V7,M_KRAS_G12D
TCGA-BS-A0V7,M_PIK3CA_N345K
TCGA-BS-A0V7,M_PIK3CA_H1047L
TCGA-BS-A0V7,M_CTNNB1_S37A
TCGA-BS-A0V7,M_KMT2C_G3665A
TCGA-AX-A062,M_PIK3CA_E542K
TCGA-AX-A062,M_BCOR_N1459S
TCGA-B0-5703,M_MYH2_R1388H
TCGA-E6-A2P8,M_PIK3CA_R88Q
TCGA-AA-A01Z,M_FBXW7_S582L
TCGA-AG-3892,M_PIK3CA_E542K
TCGA-AG-3892,M_MBOAT2_R43Q
TCGA-AG-3892,M_FBXW7_R14Q
TCGA-AG-3892,M_TUSC3_R82Q
TCGA-BR-6566,M_GRXCR1_R262Q
TCGA-J8-A4HY,M_KRAS_G12V
TCGA-B5-A0K7,M_PIK3CA_E545K
TCGA-EE-A2MM,M_KCNQ5_G273E
TCGA-CA-6717,M_GRM5_S406L
TCGA-CA-6717,M_CSMD3_R334Q
TCGA-CA-6717,M_CAPRIN2_E13K
TCGA-CA-6717,M_GRXCR1_R190Q
TCGA-CA-6717,M_GRXCR1_R191Q
TCGA-CA-6717,M_MAGI2_D843N
TCGA-B5-A3FA,M_TRIM48_M17I
TCGA-IS-A3KA,M_TP53_R337L
TCGA-55-A492,M_KRAS_G12C
TCGA-AW-A1PO,M_TP53_R282W
TCGA-AP-A05H,M_FBXW7_R505C
TCGA-2G-AAGV,M_KMT2C_F357L
TCGA-HU-A4GQ,M_MYH2_R709H
TCGA-D3-A51T,M_CSMD3_G1941E
TCGA-C5-A1BI,M_PIK3CA_E545K
TCGA-66-2778,M_KMT2C_W430C
TCGA-E9-A3X8,M_PIK3CA_N345K
TCGA-D1-A17L,M_PIK3CA_E545G
TCGA-D1-A17L,M_METTL14_R298P
TCGA-D1-A17L,M_KMT2C_G3665A
TCGA-AN-A046,M_GRXCR1_R262Q
TCGA-AN-A046,M_GRM5_S406L
TCGA-DU-7294,M_OR5I1_L294F
TCGA-A2-A0EY,M_HIST1H2BF_E77K
TCGA-AG-A00H,M_PIK3CA_N345K
TCGA-Q1-A5R3,M_PIK3CA_E542K
TCGA-DK-A1AC,M_KCNQ5_E455K
TCGA-52-7812,M_MB21D2_Q311E
TCGA-55-6975,M_KRAS_G13C
TCGA-55-6975,M_NFE2L2_E82D
TCGA-ZM-AA05,M_KRAS_G12V
TCGA-A5-A0R9,M_XYLT1_R754C
TCGA-EE-A2MD,M_CSMD3_P258S
TCGA-24-1843,M_LHFPL1_R69C
TCGA-EB-A5FP,M_MYH2_E868K
TCGA-G8-6906,M_CREBBP_R1446C
TCGA-EE-A2A5,M_NRAS_Q61R
TCGA-WE-A8ZT,M_CSMD3_R683C
TCGA-D5-5540,M_PIK3CA_E81K
TCGA-AP-A05A,M_FBXW7_R465H
TCGA-55-6972,M_PIK3R1_G353W
TCGA-AA-3814,M_KRAS_G12S
TCGA-AA-3684,M_BRAF_V600E
TCGA-AA-3684,M_KCND3_T231M
TCGA-DU-A5TT,M_EGFR_A289V
TCGA-DU-A5TT,M_PIK3CA_K111E
TCGA-QS-A8F1,M_FBXW7_G423V
TCGA-EE-A182,M_CSMD3_R100Q
TCGA-N8-A4PQ,M_GRXCR1_R19Q
TCGA-S9-A6U9,M_IDH1_R132C
TCGA-S9-A6U9,M_TP53_G245V
TCGA-5N-A9KM,M_ALK_R292C
TCGA-D8-A1JE,M_CDKN2A_H83Y
TCGA-D1-A17K,M_PIK3CA_E542K
TCGA-A6-6781,M_MYCN_R302C
TCGA-AA-3492,M_BRAF_V600E
TCGA-AA-3492,M_GRM5_T906P
TCGA-WE-AA9Y,M_MYH2_S1741F
TCGA-DA-A95W,M_CSMD3_R334Q
TCGA-DA-A95W,M_TBX18_H401Y
TCGA-EE-A3JI,M_OR5I1_S95F
TCGA-LP-A4AV,M_PIK3CA_E542K
TCGA-LP-A4AV,M_CREBBP_R1446C
TCGA-LP-A4AV,M_TAF1_R1221Q
TCGA-EY-A1GL,M_PIK3CA_K111N
TCGA-DD-AAE0,M_SMAD4_R361H
TCGA-AJ-A3BG,M_PIK3CA_V344M
TCGA-AJ-A3BG,M_MYH2_R1787Q
TCGA-BS-A0UL,M_KRAS_G12V
TCGA-BS-A0UL,M_MYH2_E868K
TCGA-JW-A852,M_PIK3CA_E545K
TCGA-JW-A852,M_EP300_D1399N
TCGA-JW-A852,M_NFE2L2_R34Q
TCGA-IH-A3EA,M_BRAF_V600E
TCGA-IH-A3EA,M_BRAF_V600M
TCGA-IH-A3EA,M_ARID2_R314C
TCGA-IH-A3EA,M_KMT2C_H367Y
TCGA-XK-AAIW,M_BTBD11_A561V
TCGA-XK-AAIW,M_MYH2_R709H
TCGA-B5-A11V,M_MED12_D23Y
TCGA-D9-A6EC,M_DKK2_E226K
TCGA-QU-A6IM,M_CTNNB1_S33A
TCGA-DB-A64O,M_MYH2_R793Q
TCGA-AJ-A3EL,M_PIK3CA_R88Q
TCGA-AJ-A3EL,M_GRM5_S406L
TCGA-AJ-A3EL,M_TRIM23_R549Q
TCGA-ER-A19B,M_CSMD3_M729I
TCGA-TN-A7HI,M_PIK3CA_E542K
TCGA-EA-A5O9,M_EP300_D1399N
TCGA-PL-A8LV,M_KMT2C_F357L
TCGA-AX-A1C5,M_PIK3CA_V344M
TCGA-AX-A1C5,M_GRID1_R221W
TCGA-DK-A2I2,M_CSMD3_M729I
TCGA-BG-A0MS,M_APC_S1696N
TCGA-N5-A4RD,M_FBXW7_R465H
TCGA-B5-A11X,M_PIK3CA_E39K
TCGA-AA-3844,M_KMT2C_G3665A
TCGA-BF-AAOU,M_CSMD3_G742E
TCGA-ND-A4WC,M_CSMD3_R3551C
TCGA-D1-A16Y,M_PIK3CA_R88Q
TCGA-D1-A16Y,M_PIK3CA_E81K
TCGA-D1-A16Y,M_ABCB1_R489C
TCGA-AX-A2IO,M_PIK3CA_E542K
TCGA-CV-5436,M_DCLK1_R80W
TCGA-HV-A5A4,M_DKK2_R230H
TCGA-37-4141,M_OR5I1_R231C
TCGA-3A-A9I9,M_KRAS_G12R
TCGA-A5-A0G1,M_CSMD3_S1090Y
TCGA-A5-A0G1,M_NF1_R1306Q
TCGA-A5-A0G1,M_CSMD3_R683C
TCGA-A5-A0G1,M_RASA1_R194H
TCGA-A5-A0G1,M_ARID1B_A987V
TCGA-A5-A0G1,M_APC_S1696N
TCGA-AX-A2H8,M_ABCB1_R467W
TCGA-EK-A2RN,M_PIK3CA_E545K
TCGA-VN-A88O,M_MAP3K1_R306H
TCGA-ER-A19K,M_ABCB1_R404Q
TCGA-HP-A5N0,M_PIK3CA_P471L
TCGA-LL-A6FP,M_PIK3CA_E545K
TCGA-EE-A29P,M_ARID2_S297F
TCGA-BF-AAP2,M_MYH2_E1421K
TCGA-BC-A5W4,M_DCLK1_A18V
TCGA-D3-A8GM,M_JAKMIP2_D338N
TCGA-L5-A43J,M_CSMD3_R3025C
TCGA-Q1-A73P,M_PIK3CA_E542K
TCGA-AJ-A3BI,M_PIK3CA_C420R
TCGA-E6-A1LZ,M_FBXW7_R505G
TCGA-E6-A1LZ,M_PIK3CA_E453Q
TCGA-CG-5726,M_MYH2_R1668W
TCGA-FS-A4FC,M_MYH2_R1787Q
TCGA-CD-A487,M_PIK3CA_E542K
TCGA-CD-A487,M_TP53_R248Q
TCGA-CN-4723,M_CSMD3_E171K
TCGA-13-2060,M_ABCB1_R1085W
TCGA-5P-A9K3,M_PIK3CA_R38C
TCGA-EY-A2OM,M_PIK3CA_R88Q
TCGA-EY-A2OM,M_PIK3CA_R108H
TCGA-GS-A9TT,M_MBOAT2_E147K
TCGA-D1-A1O5,M_PIK3CA_Q546P
TCGA-D1-A1O5,M_RRAS2_Q72L
TCGA-D1-A1O5,M_PIK3CA_E542A
TCGA-49-AARQ,M_TP53_R158L
TCGA-12-3653,M_KRTAP4-11_R41H
TCGA-39-5036,M_GRM5_R834C
TCGA-DF-A2KY,M_PIK3CA_C420R
TCGA-AA-3713,M_CSMD3_R2168Q
TCGA-AG-3885,M_FBXW7_R505C
TCGA-AG-3885,M_KRAS_K117N
TCGA-AG-3885,M_KMT2C_G3665A
TCGA-CK-5916,M_CSMD3_R3025C
TCGA-AD-6895,M_CSMD3_R683C
TCGA-ER-A19P,M_MYF5_E27K
TCGA-ER-A19P,M_CSMD3_G1195W
TCGA-ER-A19P,M_ATRX_L14F
TCGA-HT-7686,M_MYH2_R1388H
TCGA-AC-A3TM,M_PIK3CA_E365K
TCGA-AR-A2LL,M_PTEN_C124S
TCGA-DM-A1HB,M_ARID2_V179I
TCGA-EE-A29L,M_GRXCR1_G91S
TCGA-G4-6307,M_KCNQ5_T693M
TCGA-AP-A1E1,M_PIK3CA_R38C
TCGA-D3-A8GQ,M_MYH2_P228L
TCGA-13-0886,M_TP53_V272M
TCGA-DD-AADR,M_ATM_R337C
TCGA-EB-A44N,M_FLT3_R387Q
TCGA-BR-6452,M_LHFPL1_R69C
TCGA-BR-6452,M_GRXCR1_R19Q
TCGA-EB-A4P0,M_BRAF_V600E
TCGA-AA-3984,M_MS4A8_S3L
TCGA-AA-3984,M_TRIM23_R289Q
TCGA-AA-3984,M_CSMD3_S1090Y
TCGA-AA-3984,M_FBXW7_R14Q
TCGA-AA-3984,M_GATA3_R305Q
TCGA-AA-3984,M_ZNF844_D436N
TCGA-AA-A024,M_FBXW7_R505H
TCGA-2Y-A9H7,M_KRAS_G12C
TCGA-AA-3527,M_PIK3CA_N345K
TCGA-DY-A1H8,M_KRAS_G12C
TCGA-D3-A3MV,M_MYH2_E1382K
TCGA-GU-AATO,M_PIK3CA_E545K
TCGA-FG-A713,M_MYH2_S1741F
TCGA-CR-6484,M_HIST1H2BF_E77K
TCGA-DU-8168,M_IDH1_R132H
TCGA-AP-A1DO,M_KRAS_G12C
TCGA-N7-A4Y5,M_PIK3CA_Q546R
TCGA-EE-A29B,M_KCNQ5_R187Q
TCGA-AP-A056,M_PIK3CA_R88Q
TCGA-AP-A056,M_ZNF117_R185I
TCGA-AP-A056,M_MS4A8_S3L
TCGA-AP-A056,M_MYH2_R1051C
TCGA-AP-A056,M_KCND3_S438L
TCGA-AP-A056,M_MAP3K1_R306H
TCGA-AP-A056,M_LSM11_R180W
TCGA-AP-A056,M_CAPRIN2_R215Q
TCGA-AP-A056,M_TAF1_R539Q
TCGA-AP-A056,M_ATM_R2691C
TCGA-AP-A056,M_NOTCH2_R1726C
TCGA-AP-A056,M_FAT1_R1506C
TCGA-AP-A056,M_CSMD3_G2578E
TCGA-AP-A056,M_PDE7B_E11K
TCGA-AP-A056,M_JAKMIP2_R283I
TCGA-AP-A056,M_CSMD3_R395Q
TCGA-22-0940,M_GRXCR1_G91S
TCGA-AA-A03J,M_PIK3CA_E545K
TCGA-EO-A3AU,M_ATM_R337H
TCGA-EY-A1GW,M_FGFR2_S252W
TCGA-CH-5761,M_TP53_C135F
TCGA-AX-A3FX,M_PIK3CA_Q546P
TCGA-E7-A4XJ,M_KRAS_G12V
TCGA-16-1045,M_ABCB1_R41C
TCGA-16-1045,M_EGFR_T263P
TCGA-67-3772,M_EGFR_L858R
TCGA-EO-A3KX,M_PIK3CA_R108H
TCGA-KS-A41I,M_NRAS_Q61R
TCGA-BS-A0VI,M_PIK3CA_R88Q
TCGA-BS-A0VI,M_FGFR2_S252W
TCGA-BS-A0VI,M_CTNNB1_T41I
TCGA-BS-A0VI,M_USP28_P235L
TCGA-Q3-AA2A,M_KRAS_G12V
TCGA-A2-A0CR,M_PIK3CA_E542K
TCGA-AP-A1DH,M_PIK3CA_E545K
TCGA-AP-A1DH,M_KRAS_G12D
TCGA-EI-6917,M_KCND3_S438L
TCGA-EI-6917,M_CSMD3_R3127Q
TCGA-BP-5175,M_VHL_V74D
TCGA-D3-A2JF,M_HGF_R178Q
TCGA-L9-A444,M_KMT2C_F357L
TCGA-BK-A0C9,M_PIK3CA_E453Q
TCGA-BG-A0M0,M_PIK3CA_E365K
TCGA-BG-A0M0,M_PIK3CA_P471L
TCGA-FX-A8OO,M_BTBD11_A561V
TCGA-CR-6492,M_TP53_Y220C
TCGA-BS-A0V8,M_TP53_Y220C
TCGA-W3-AA1V,M_CSMD3_R683C
TCGA-W3-AA1V,M_ELF3_P30S
TCGA-W3-AA1V,M_JAKMIP2_E155K
TCGA-W3-AA1V,M_GRXCR1_R191Q
TCGA-EE-A183,M_BRAF_V600E
TCGA-EE-A183,M_BRAF_V600M
TCGA-EE-A183,M_COL4A2_P123Q
TCGA-EE-A183,M_TRIM48_E28K
TCGA-G5-6233,M_ATM_R337C
TCGA-OL-A66L,M_PIK3CA_E542K
TCGA-N7-A59B,M_PIK3CA_G106V
TCGA-W3-AA1Q,M_MYH2_S1741F
TCGA-W3-AA1Q,M_GRXCR1_G91S
TCGA-W3-AA1Q,M_HGF_E199K
TCGA-EE-A2GO,M_CSMD3_R100Q
TCGA-58-A46K,M_MB21D2_R288W
TCGA-CA-6718,M_ATM_R337C
TCGA-CA-6718,M_MYH2_R1506Q
TCGA-CA-6718,M_CSMD3_R3551C
TCGA-AB-2895,M_DNMT3A_R882H
TCGA-L9-A443,M_KRAS_G12V
TCGA-L9-A443,M_CSMD3_P3166H
TCGA-Q1-A5R2,M_PIK3CA_E542K
TCGA-Q1-A5R2,M_PIK3CA_E726K
TCGA-AA-3812,M_PIK3CA_E542K
TCGA-A5-A0R8,M_FBXW7_R465H
TCGA-A5-A0R8,M_FGFR2_S252W
TCGA-A5-A0R8,M_APC_S1696N
TCGA-3N-A9WC,M_ARID2_R314C
TCGA-AX-A064,M_PIK3CA_K111E
TCGA-AX-A064,M_MYCN_P44L
TCGA-AX-A064,M_FGFR2_C382R
TCGA-AX-A064,M_TRIM23_R549Q
TCGA-GN-A262,M_ATRX_L14F
TCGA-GN-A262,M_WT1_R462L
TCGA-F5-6814,M_GRXCR1_R262Q
TCGA-F5-6814,M_CAPRIN2_R215Q
TCGA-F5-6814,M_ATM_L1408I
TCGA-AG-3727,M_MAP2K4_R134W
TCGA-B0-5705,M_CSMD3_R1529H
TCGA-DZ-6133,M_CSMD3_M729I
TCGA-EE-A2ML,M_CSMD3_M729I
TCGA-B5-A0K6,M_KRAS_G12A
TCGA-D3-A2JO,M_HGF_R178Q
TCGA-AA-A02E,M_PIK3CA_E545K
TCGA-BG-A0RY,M_PIK3CA_E545K
TCGA-BG-A0RY,M_ABCB1_R467W
TCGA-BG-A0M9,M_KRAS_G12V
TCGA-IB-7889,M_KRAS_G12V
TCGA-39-5027,M_CSMD3_R2168Q
TCGA-44-7670,M_CSMD3_M729I
TCGA-BF-A1PU,M_BRAF_V600E
TCGA-BF-A1PU,M_CSMD3_P3166H
TCGA-D3-A2JH,M_KRT15_G232S
TCGA-E7-A8O8,M_KRAS_A59G
TCGA-EB-A5UN,M_MYH2_E878K
TCGA-28-2513,M_MYH2_R1668W
TCGA-P3-A5Q5,M_PIK3CA_R88Q
TCGA-22-4607,M_TP53_C176F
TCGA-BS-A0V6,M_PIK3CA_K111E
TCGA-AX-A063,M_METTL14_R298P
TCGA-AX-A063,M_DCLK1_R45C
TCGA-FR-A3R1,M_KCNQ5_G273E
TCGA-D8-A146,M_PIK3CA_E545K
TCGA-DD-A39V,M_CTNNB1_S33P
TCGA-DD-A39V,M_NFE2L2_E82D
TCGA-ER-A42K,M_MYH2_S1741F
TCGA-E6-A2P9,M_ATM_R337H
TCGA-A5-A0GG,M_PIK3CA_E542K
TCGA-CD-8535,M_MAGI2_L114V
TCGA-CD-A4MG,M_JAKMIP2_A334T
TCGA-05-4417,M_KRAS_G12C
TCGA-DX-A3LU,M_KRAS_G13C
TCGA-ET-A40R,M_PIK3CA_D186H
TCGA-V1-A8MU,M_BRAF_K601E
TCGA-V1-A8WW,M_TP53_G245D
TCGA-B5-A3S1,M_FBXW7_G423V
TCGA-BG-A0VW,M_KRAS_G12D
TCGA-BS-A0TC,M_KRAS_G12V
TCGA-BS-A0TC,M_PTEN_R130G
TCGA-BS-A0TC,M_PIK3CA_R108H
TCGA-BS-A0TC,M_PIK3CA_R38C
TCGA-BS-A0TC,M_MS4A8_S3L
TCGA-BS-A0TC,M_ATRX_R781Q
TCGA-BS-A0TC,M_SF3B1_R957Q
TCGA-A7-A13E,M_TP53_R175H
TCGA-A7-A13E,M_KMT2C_G3665A
TCGA-A7-A13E,M_GRM5_R834C
TCGA-EB-A41A,M_KMT2C_H367Y
TCGA-EB-A41A,M_CSMD3_R2168Q
TCGA-EO-A3L0,M_PIK3CA_V344M
TCGA-AA-3852,M_KRAS_G12A
TCGA-AA-3852,M_FBXW7_R465H
TCGA-AA-3852,M_PIK3CA_E81K
TCGA-AA-3852,M_PIK3CA_E545Q
TCGA-78-7633,M_BRAF_G469V
TCGA-78-7633,M_ARID2_P1590Q
TCGA-CV-A45Q,M_CHD8_S1632L
TCGA-CM-4743,M_NF1_R1306Q
TCGA-34-2600,M_HIST1H2BF_E77K
TCGA-JX-A3Q0,M_PIK3CA_E545K
TCGA-JX-A3Q0,M_FBXW7_R505G
TCGA-JX-A3Q0,M_TP53_R280K
TCGA-JX-A3Q0,M_NFE2L2_D29Y
TCGA-CD-A48A,M_MAGI2_L603R
TCGA-P5-A5EX,M_IDH1_R132H
TCGA-QF-A5YS,M_PIK3CA_R88Q
TCGA-QF-A5YS,M_MBOAT2_R43Q
TCGA-QF-A5YS,M_KCNQ5_R426C
TCGA-AA-3855,M_PIK3CA_E542K
TCGA-55-8505,M_KCNQ5_R187Q
TCGA-HT-7608,M_KRT15_V205I
TCGA-BF-A9VF,M_BRAF_V600E
TCGA-AA-3971,M_DKK2_R230H
TCGA-D5-6930,M_BRAF_V600E
TCGA-D9-A1JW,M_ABCB1_S696F
TCGA-DX-A8BG,M_KRT15_V205I
TCGA-E2-A574,M_FBXW7_R465C
TCGA-AA-3666,M_MAGI2_L114V
TCGA-BH-A0HN,M_PIK3CA_N345K
TCGA-BH-A0HN,M_KMT2C_H367Y
TCGA-BH-A0HN,M_APC_S1696N
TCGA-BS-A0TJ,M_PIK3CA_R88Q
TCGA-DC-6682,M_KCND3_V94M
TCGA-B4-5832,M_GATA3_S407L
TCGA-B4-5832,M_MTOR_T1977R
TCGA-A5-A0GN,M_PIK3CA_Q546P
TCGA-GN-A4U5,M_CSMD3_G165R
TCGA-KK-A8IF,M_ATM_R337C
TCGA-ER-A193,M_MYH2_E347K
TCGA-G2-AA3C,M_TRIM48_M17I
TCGA-38-A44F,M_KRAS_G12V
TCGA-BH-A18G,M_JAKMIP2_A334T
TCGA-21-1079,M_TRIM48_E28K
TCGA-DI-A1BY,M_PIK3CA_H1047R
TCGA-DI-A1BY,M_MYCN_P44L
TCGA-HC-A6AN,M_PIK3CA_R108H
TCGA-OR-A5J5,M_TP53_R273C
TCGA-ER-A194,M_NF1_L844F
TCGA-ER-A194,M_MYH2_M858I
TCGA-S9-A6TS,M_LHFPL1_R69C
TCGA-YY-A8LH,M_KRAS_G12V
TCGA-D1-A17Q,M_MBOAT2_R43Q
TCGA-D1-A17Q,M_KMT2C_R56Q
TCGA-D1-A17Q,M_FLT3_R387Q
TCGA-D1-A17Q,M_MAGI2_L450M
TCGA-D1-A17Q,M_PDE7B_E11K
TCGA-D1-A17Q,M_CSMD3_L2370I
TCGA-44-8117,M_CSMD3_R1946C
TCGA-AX-A2HG,M_PIK3CA_E542K
TCGA-DM-A285,M_PIK3CA_E545K
TCGA-DM-A285,M_KRAS_L19F
TCGA-AX-A3GB,M_KRAS_G12D
TCGA-CV-6935,M_CSMD3_M729I
TCGA-Z2-A8RT,M_FGFR2_R210Q
